ID,firstName,lastName,telePhone
0,Andrew,Roberts,(664) 449-1145
1,Ethel,Marshall,(556) 695-3734
2,Lura,Collier,(906) 728-4677
3,Ida,Wallace,(625) 751-5344
4,Estella,Walters,(529) 800-9256
5,Hannah,McDaniel,(850) 798-3768
6,Lois,Myers,(916) 241-6753
7,Viola,Carr,(254) 993-8662
8,Pauline,Roberson,(947) 734-1851
9,Beatrice,Lynch,(564) 723-9061
10,Eddie,Munoz,(626) 944-1876
11,Nora,Owen,(216) 845-7637
12,Chad,Erickson,(614) 207-2199
13,Theresa,Garza,(628) 841-9019
14,Eric,Holmes,(544) 629-9573
15,Bernice,Lucas,(375) 835-1079
16,Celia,Craig,(419) 919-3020
17,Joseph,Daniels,(461) 669-4951
18,Leon,Morgan,(706) 349-3943
19,Dorothy,Estrada,(735) 797-1856
20,Cole,Cole,(833) 834-3519
21,Gertrude,Houston,(221) 452-1067
22,Jeremiah,Parsons,(588) 886-7800
23,Jessie,Day,(680) 200-3193
24,Jeffery,Snyder,(376) 990-9925
25,Mark,Luna,(735) 606-1174
26,Ellen,Rodgers,(215) 316-1332
27,Ernest,Garza,(587) 657-7600
28,Peter,Sandoval,(815) 865-9186
29,Adam,Rose,(273) 373-8488
30,Helena,Matthews,(434) 983-2896
31,Edwin,White,(353) 258-8752
32,Rodney,Hunt,(908) 753-7996
33,Roger,Walters,(423) 210-4029
34,Jacob,Porter,(783) 754-9408
35,Jonathan,Harrison,(963) 776-8223
36,Rebecca,Daniel,(306) 984-3287
37,Aiden,George,(284) 945-3830
38,Adele,Reese,(560) 844-3542
39,Franklin,McKinney,(255) 641-8911
40,Clarence,Lawrence,(600) 424-6969
41,Evan,Weber,(875) 767-5091
42,Ricky,Lewis,(382) 281-3986
43,Adeline,Harris,(963) 554-8198
44,Catherine,Lee,(941) 342-9198
45,Virgie,Garrett,(803) 965-1445
46,Rebecca,McBride,(535) 893-9056
47,Katie,Goodman,(567) 389-8490
48,Alfred,Reese,(779) 714-3385
49,Jordan,Nichols,(677) 789-9057
50,Lettie,Anderson,(508) 716-9037
51,David,Harvey,(770) 366-9382
52,Jacob,Rodriguez,(479) 988-4483
53,Jorge,Robbins,(919) 273-1979
54,Abbie,Collier,(457) 437-7786
55,Rhoda,Bailey,(965) 841-5923
56,Lydia,Henderson,(922) 281-9080
57,Jennie,Larson,(379) 274-5981
58,Lizzie,Sanchez,(655) 978-6409
59,Kevin,Bailey,(262) 402-2084
60,Jon,Walters,(200) 613-4690
61,Garrett,Kim,(463) 744-3837
62,Ryan,Curtis,(761) 357-4079
63,Katie,Diaz,(206) 534-8469
64,Seth,McBride,(830) 536-2266
65,Elijah,Bryan,(200) 825-3039
66,Alexander,French,(913) 416-3502
67,Lester,Holt,(217) 271-5880
68,Miguel,Pope,(589) 874-5609
69,Jeremiah,Dixon,(662) 213-2945
70,Stanley,Soto,(642) 242-9901
71,Dominic,Moran,(334) 739-6314
72,Jon,Cobb,(904) 576-9978
73,Winifred,Barnett,(374) 853-2236
74,Lela,Marsh,(614) 837-4495
75,Elva,Underwood,(942) 931-3421
76,Katie,Hicks,(505) 546-1611
77,Myra,Daniels,(301) 391-1751
78,Elijah,Baldwin,(437) 339-1173
79,Chase,Hughes,(702) 334-3658
80,Vincent,Morrison,(324) 836-8223
81,Nelle,Taylor,(325) 671-1373
82,Rachel,May,(272) 743-7123
83,Maggie,Richardson,(609) 216-2451
84,Lucas,Steele,(731) 395-3818
85,Lawrence,Hanson,(739) 570-7714
86,Henrietta,Howard,(544) 327-1741
87,Myrtie,Gomez,(841) 746-2238
88,Louise,Henry,(803) 934-4301
89,Henrietta,Fox,(930) 202-8385
90,Jorge,White,(527) 424-5821
91,Anthony,Graham,(333) 275-9036
92,Victoria,Allison,(585) 803-3441
93,Laura,Sanchez,(485) 266-8197
94,Phillip,Castro,(867) 207-5529
95,Virginia,Murphy,(788) 563-1794
96,Ellen,Jensen,(712) 831-1243
97,Bertie,Bowen,(962) 560-6797
98,Peter,Collier,(888) 379-2077
99,Chase,Fleming,(928) 560-3115
100,Lewis,Cooper,(401) 526-9200
101,Bernice,Wagner,(227) 836-1286
102,Robert,Roberts,(487) 691-9638
103,Georgie,Swanson,(810) 754-2072
104,Lida,Hansen,(740) 793-5449
105,Mario,Armstrong,(820) 213-5870
106,Lillian,Barnes,(720) 630-6032
107,Kate,Perkins,(766) 674-5203
108,Steven,Sparks,(813) 826-5336
109,Lillian,Powell,(371) 802-1635
110,Vincent,Hill,(578) 674-4628
111,Isaac,Clayton,(335) 502-3609
112,David,Russell,(959) 585-4035
113,Walter,Patterson,(713) 658-2865
114,Ann,Stokes,(757) 389-2046
115,Helen,Gill,(921) 874-3459
116,Sylvia,Chapman,(536) 627-1029
117,Marvin,Clark,(562) 465-2619
118,Eula,Chapman,(939) 392-3224
119,Cordelia,Smith,(546) 685-5676
120,Gordon,Lindsey,(900) 591-2313
121,Rosalie,Silva,(634) 337-2791
122,Stella,Garza,(669) 273-7042
123,Hannah,Carr,(869) 370-2600
124,Gabriel,Pope,(653) 280-1010
125,Estella,Jimenez,(810) 565-3037
126,Florence,Riley,(673) 228-8466
127,Maria,Houston,(518) 671-2342
128,Katherine,Gonzalez,(649) 374-9337
129,Addie,Baker,(944) 375-6033
130,Harold,Stevenson,(511) 950-5291
131,Hattie,Padilla,(862) 657-9250
132,Eula,Sims,(751) 700-9314
133,Birdie,Chambers,(633) 555-1260
134,Virgie,Curtis,(853) 252-2803
135,Vernon,Pittman,(665) 714-3174
136,Bryan,Stanley,(809) 204-5033
137,Mable,Arnold,(742) 723-7189
138,Calvin,King,(228) 549-4047
139,Amelia,Gill,(963) 671-2234
140,Rhoda,Holland,(574) 545-4728
141,Bertie,Cortez,(685) 443-3102
142,Jerry,Drake,(829) 655-6970
143,Benjamin,Berry,(922) 726-3746
144,Annie,Neal,(673) 887-8957
145,Jeffery,Clark,(970) 632-7866
146,Loretta,Norman,(986) 438-9097
147,Arthur,Alvarez,(488) 238-3835
148,Lawrence,Simmons,(618) 204-9486
149,Wayne,Carr,(300) 557-3535
150,Randy,Webster,(934) 754-9153
151,Victor,Gibbs,(621) 611-2651
152,Hettie,Allen,(714) 866-4906
153,Dominic,Robbins,(740) 559-1116
154,Irene,Wolfe,(754) 845-5260
155,Eugene,Rodriguez,(710) 609-9801
156,Rosie,Sims,(916) 780-4417
157,Millie,Castro,(684) 905-5475
158,Kevin,Austin,(630) 766-8874
159,Mark,Roy,(804) 242-5253
160,Della,Little,(807) 774-3792
161,Leonard,Grant,(304) 801-2968
162,Lois,Webb,(878) 768-4549
163,Edna,Ortiz,(584) 262-4426
164,Frederick,Daniel,(216) 633-7640
165,Randall,Norman,(728) 348-5882
166,Cora,Burton,(276) 501-5793
167,Lela,Harrington,(328) 347-3300
168,William,Kennedy,(234) 932-2408
169,Beulah,Butler,(231) 737-4286
170,Frances,Bennett,(459) 680-6195
171,Eva,Carlson,(647) 953-9885
172,Jessie,Poole,(389) 401-8439
173,Tommy,Williams,(963) 420-3632
174,Jesse,Rogers,(336) 933-1183
175,Henry,Smith,(369) 923-8900
176,Eric,Guerrero,(975) 524-9899
177,Mark,Cruz,(480) 874-2780
178,Minerva,Copeland,(822) 894-8164
179,Della,Page,(802) 886-6041
180,Rosie,Wright,(936) 364-9104
181,Ora,Gutierrez,(806) 889-6546
182,Dylan,Gilbert,(500) 746-5384
183,Mae,Lewis,(701) 253-7165
184,Mary,Morgan,(841) 420-6352
185,Rachel,Mitchell,(507) 827-5342
186,Emilie,Briggs,(252) 627-7201
187,Ronnie,Payne,(207) 905-4800
188,Mayme,Brock,(667) 973-8111
189,Myrtle,Moss,(689) 951-6546
190,Steven,Gonzalez,(813) 684-3360
191,Nicholas,Caldwell,(723) 657-8001
192,Isaiah,McBride,(404) 544-7476
193,Ophelia,Warren,(434) 752-3981
194,Justin,Bates,(706) 277-8794
195,Mary,Ross,(879) 625-1969
196,Christine,Adkins,(676) 597-9645
197,Alice,Clarke,(260) 457-2428
198,Vernon,Watson,(743) 993-4083
199,Amy,Soto,(235) 794-7123
200,Sarah,Fernandez,(476) 323-4909
201,Celia,Johnson,(769) 397-8039
202,Lydia,Horton,(755) 566-4812
203,Maud,Shelton,(701) 921-1401
204,Roger,Bowen,(411) 363-9315
205,Bruce,Schmidt,(303) 935-5346
206,Christina,Gonzalez,(777) 572-6100
207,Larry,Bell,(268) 590-7345
208,Margaret,Armstrong,(617) 505-7046
209,Carl,Taylor,(604) 949-1088
210,Olive,Hogan,(408) 361-7069
211,Dylan,Gonzales,(527) 672-4567
212,Claudia,Miles,(933) 391-8741
213,Laura,Schneider,(955) 257-2588
214,Eddie,Shelton,(826) 831-1842
215,Luis,Dennis,(878) 507-2453
216,Shane,Jackson,(646) 479-5098
217,Barbara,Salazar,(923) 743-4983
218,Ricky,Garner,(564) 709-8751
219,Frederick,Bradley,(402) 236-7091
220,Willie,Stone,(846) 562-6551
221,Winnie,Simpson,(307) 280-4455
222,Celia,Gibbs,(852) 579-4242
223,Raymond,Atkins,(647) 948-2042
224,Pearl,Goodwin,(501) 450-2630
225,Ruth,Andrews,(740) 894-2239
226,Lenora,Wilson,(823) 653-1935
227,Eugenia,Carroll,(425) 797-8954
228,Clifford,Herrera,(873) 542-8736
229,Rose,Barton,(257) 935-2331
230,Isabel,Ball,(345) 437-7740
231,Edna,Perkins,(645) 522-1454
232,Jackson,Todd,(804) 840-4827
233,Bernice,Phillips,(582) 812-7067
234,Mary,Gilbert,(863) 895-1432
235,Mildred,Steele,(508) 217-6322
236,Cecelia,Robinson,(901) 333-8600
237,Connor,Boyd,(944) 550-7955
238,Lela,McGuire,(337) 215-8768
239,Clifford,Ramirez,(439) 955-7615
240,Garrett,Gill,(312) 877-2913
241,Joseph,Davis,(957) 361-6970
242,Allen,Reeves,(283) 840-3446
243,Johanna,Kennedy,(675) 375-3155
244,Steve,Mathis,(480) 535-3771
245,Jesse,McCarthy,(829) 811-2314
246,Lewis,Rice,(709) 930-8700
247,Gavin,Larson,(306) 343-5678
248,Isaac,Atkins,(372) 321-5527
249,Hannah,McDonald,(627) 730-7035
250,Francis,Kennedy,(269) 296-6575
251,Lucinda,Mathis,(315) 574-3236
252,Keith,Morales,(346) 538-1208
253,Erik,Rice,(630) 782-4716
254,Edward,Wright,(704) 341-7804
255,Olga,Martinez,(332) 515-6393
256,Troy,Marsh,(262) 788-6819
257,Arthur,Pearson,(422) 781-3651
258,Warren,Baldwin,(524) 677-7358
259,Gerald,Myers,(923) 789-2714
260,Justin,McCormick,(416) 266-6496
261,David,Holloway,(317) 454-8049
262,Jean,Crawford,(902) 448-4372
263,Gregory,Johnston,(800) 559-4160
264,Mamie,Adams,(533) 350-6023
265,Teresa,Allison,(229) 640-1820
266,Ida,Woods,(409) 860-7021
267,Leonard,Love,(714) 961-1404
268,Russell,Hodges,(688) 652-7540
269,Virgie,Hubbard,(580) 372-3011
270,Frederick,Hart,(242) 969-8330
271,Vernon,Brady,(480) 550-2088
272,Sarah,Patton,(704) 313-4470
273,Adam,Reid,(336) 857-5855
274,Gene,Silva,(286) 212-5451
275,Ellen,Howard,(914) 800-8409
276,Allen,Todd,(387) 519-5557
277,Augusta,Walters,(660) 651-4063
278,Travis,Pope,(366) 477-4294
279,Stanley,Wise,(318) 481-7540
280,Abbie,Morales,(922) 901-6582
281,Bertha,Fisher,(346) 669-9504
282,Nora,Medina,(505) 895-3192
283,Myra,Watts,(467) 656-9347
284,Trevor,Doyle,(386) 961-5961
285,Mildred,Young,(717) 663-4019
286,Sylvia,Jones,(600) 964-3091
287,Jackson,Fisher,(547) 297-6786
288,Ellen,Burke,(751) 552-2463
289,Chris,Glover,(319) 238-7691
290,Lois,Powell,(618) 917-1179
291,Nicholas,Logan,(908) 240-5031
292,Dollie,Farmer,(943) 340-4412
293,Leila,Manning,(810) 431-2170
294,Sara,Paul,(512) 575-6654
295,Cornelia,Patrick,(855) 754-2210
296,Gary,Frazier,(616) 534-9812
297,Rose,Holmes,(851) 952-7752
298,Rose,Patterson,(626) 553-5502
299,Curtis,Harvey,(367) 344-2067
300,Johanna,Sandoval,(403) 451-8250
301,Nettie,Ray,(923) 590-5291
302,Ollie,Rivera,(205) 486-4744
303,Gilbert,Ballard,(710) 648-9072
304,Maude,Ballard,(813) 831-8295
305,Lettie,Gibson,(383) 902-3450
306,Gavin,Barnett,(771) 246-6482
307,Samuel,Dixon,(524) 552-3615
308,Raymond,Harper,(457) 362-8349
309,Estelle,Dennis,(970) 460-2606
310,Barry,Matthews,(628) 336-7248
311,Caroline,Hunt,(778) 546-8809
312,Amanda,Edwards,(373) 836-7374
313,Myrtie,Wilson,(850) 971-4563
314,Marcus,Harrington,(614) 527-5285
315,Matthew,Cortez,(921) 863-6565
316,Rodney,Mendez,(972) 494-8264
317,Dominic,Steele,(586) 715-7209
318,Hester,Curtis,(217) 403-2068
319,Julian,Morris,(216) 737-8724
320,Marion,Rodriguez,(975) 689-2173
321,Oscar,Hall,(942) 645-9013
322,Cory,Parks,(255) 718-3592
323,Vincent,Reed,(658) 778-5072
324,Adrian,Norris,(471) 499-2214
325,Ora,Burton,(783) 829-2498
326,Lucinda,Warner,(358) 349-5973
327,Blake,Lindsey,(250) 285-9607
328,Lee,McKenzie,(567) 784-3938
329,Cameron,Ford,(275) 705-1075
330,Roxie,Mullins,(808) 550-9496
331,Garrett,Cruz,(445) 925-9313
332,Myrtle,Newman,(336) 401-7413
333,Alex,Foster,(724) 631-2473
334,Ivan,Lloyd,(773) 635-1092
335,Loretta,Marsh,(362) 495-5828
336,Willie,Welch,(852) 821-2135
337,Dennis,Reese,(832) 569-2656
338,Esther,Spencer,(361) 704-7764
339,Janie,Wolfe,(460) 687-9744
340,Jonathan,Pearson,(271) 719-2260
341,Isabella,Welch,(820) 413-9804
342,Ronnie,Meyer,(342) 500-2827
343,Birdie,Bass,(244) 491-2863
344,Alex,Zimmerman,(808) 826-2973
345,Mario,Mendoza,(545) 558-9097
346,Russell,Harper,(853) 429-5755
347,Blanche,Schmidt,(417) 668-8050
348,Loretta,Bailey,(879) 765-8748
349,Marc,Alexander,(528) 857-3082
350,Daisy,Dixon,(715) 673-3923
351,Derrick,Vega,(934) 743-8497
352,Tommy,Page,(945) 795-2595
353,Teresa,Brady,(559) 874-3964
354,Olivia,Brock,(816) 678-4511
355,Angel,Tucker,(383) 829-4493
356,Lenora,Sutton,(629) 722-4390
357,Sarah,Russell,(441) 804-2198
358,Clifford,Manning,(376) 296-5598
359,Irene,Flowers,(276) 847-6283
360,Logan,Hunt,(539) 207-7153
361,Lydia,Swanson,(878) 956-5329
362,Adeline,Campbell,(970) 511-5806
363,Pauline,Richardson,(454) 587-7959
364,Pauline,Miles,(614) 758-3292
365,Tillie,Barber,(569) 888-2609
366,Anne,Mendoza,(214) 818-6605
367,Ada,Banks,(359) 712-1288
368,Edward,Taylor,(852) 311-9506
369,Harriett,Zimmerman,(600) 282-5166
370,Rosetta,Singleton,(646) 735-4099
371,Cole,Burton,(670) 937-4580
372,Beulah,Henry,(203) 546-1587
373,Cecelia,Daniels,(853) 586-8213
374,Ina,Norton,(201) 708-6435
375,Ophelia,Hopkins,(314) 389-8797
376,Abbie,Lucas,(478) 467-8938
377,Joel,Turner,(651) 504-6906
378,Bertie,Olson,(628) 336-4784
379,Russell,Parks,(614) 386-2221
380,Lida,Chambers,(618) 500-5932
381,Joe,Taylor,(314) 522-1099
382,Myra,Bennett,(452) 364-1578
383,Winifred,Richards,(976) 285-8202
384,Josie,Terry,(265) 314-8711
385,Walter,Tyler,(859) 724-3276
386,Paul,Riley,(861) 890-1175
387,Ricardo,Arnold,(978) 257-7810
388,Verna,Vaughn,(450) 524-8992
389,Curtis,Robinson,(747) 269-1029
390,Lucas,Rose,(917) 997-9610
391,Teresa,Phelps,(531) 531-1398
392,Rosetta,Phillips,(858) 255-3609
393,Bryan,Barber,(439) 587-3533
394,Randall,Larson,(303) 374-7087
395,Winnie,Carr,(432) 877-6522
396,Douglas,Douglas,(474) 983-9916
397,Joseph,Waters,(602) 393-5637
398,Lawrence,Strickland,(365) 337-4163
399,Blake,Snyder,(205) 757-3374
400,Glen,Andrews,(985) 415-3837
401,Lillian,Gregory,(974) 330-1459
402,Curtis,Carlson,(241) 249-6584
403,Ray,Boone,(320) 223-7268
404,Larry,Burke,(958) 644-6868
405,Victor,Paul,(944) 703-5331
406,Lily,Newman,(568) 584-2899
407,Danny,Casey,(252) 834-3817
408,Keith,Holt,(225) 943-1642
409,Belle,Brady,(254) 447-1635
410,Mable,Wilson,(823) 796-6863
411,Johanna,Knight,(321) 946-4253
412,Edna,Wells,(272) 649-5538
413,Jesse,Armstrong,(348) 789-1228
414,Jack,Alvarez,(419) 919-3327
415,Clayton,Reynolds,(216) 581-1079
416,Henrietta,Brock,(780) 451-2980
417,Landon,Terry,(533) 857-2957
418,Tom,Ramos,(235) 911-1251
419,Nora,McCarthy,(732) 940-3151
420,Bertha,Arnold,(306) 795-9267
421,Helen,Lawson,(805) 990-5007
422,Lura,Luna,(702) 353-2984
423,Jared,Collins,(841) 329-8666
424,Grace,Fitzgerald,(629) 980-3025
425,Ethel,Norris,(822) 402-4108
426,Jose,Schwartz,(932) 299-5302
427,Rachel,Townsend,(272) 388-6174
428,Phillip,Reed,(486) 946-8099
429,Julia,Erickson,(417) 274-5846
430,Lillie,Walton,(733) 450-3099
431,Trevor,Haynes,(313) 575-7877
432,Seth,Gibson,(341) 979-9402
433,Bertie,Becker,(822) 969-2651
434,Nannie,Martin,(377) 904-4047
435,Sadie,Reid,(651) 477-5513
436,Lois,Romero,(348) 855-4769
437,Joseph,Roberts,(587) 475-2319
438,Bill,Mann,(951) 758-9298
439,Julian,Houston,(440) 942-2548
440,Myrtle,Moore,(505) 258-6467
441,Louise,Shaw,(726) 928-5454
442,Florence,Smith,(515) 810-8311
443,Clayton,Bowen,(556) 319-2447
444,Seth,Pierce,(525) 323-1604
445,Kathryn,Freeman,(426) 342-3439
446,Annie,Houston,(768) 406-4040
447,Amy,Vega,(702) 650-7936
448,Nathaniel,Mendez,(559) 664-4147
449,Verna,Murphy,(981) 804-2030
450,Violet,Daniel,(286) 620-6892
451,Joshua,Webb,(772) 914-3075
452,Erik,Carson,(544) 712-2217
453,Antonio,Washington,(843) 866-4529
454,Chris,Terry,(812) 317-2859
455,Curtis,Daniel,(655) 811-6165
456,Olive,Rivera,(477) 281-2360
457,Edgar,Vega,(683) 722-3060
458,Gertrude,Hudson,(509) 714-5575
459,Callie,Bowman,(230) 812-3701
460,Olga,Chapman,(788) 681-6944
461,Etta,McCoy,(649) 993-1838
462,Dorothy,Wilkins,(387) 292-4553
463,Margaret,Meyer,(339) 553-3276
464,Gregory,Myers,(939) 633-8023
465,Richard,Butler,(348) 553-7482
466,Jane,Mullins,(584) 878-2633
467,Effie,Ballard,(704) 432-2323
468,Clifford,Diaz,(361) 628-8100
469,Kate,Day,(421) 865-1228
470,Tony,Pearson,(672) 791-8746
471,Lydia,Collier,(509) 310-3741
472,Julia,Ortiz,(353) 542-7853
473,Bobby,Copeland,(625) 877-2517
474,Isaac,Dunn,(313) 529-9271
475,Jose,Flowers,(821) 841-7638
476,Robert,Bowman,(828) 520-1174
477,Marcus,Fernandez,(468) 813-2837
478,Henrietta,Alvarado,(286) 474-6536
479,Trevor,Grant,(660) 635-7121
480,Rhoda,Nelson,(884) 600-3467
481,Ruth,Montgomery,(252) 870-9176
482,Elva,Wise,(247) 580-1203
483,Martin,Perez,(348) 687-4819
484,Carlos,Chapman,(806) 889-4869
485,Claudia,Simmons,(806) 381-9397
486,Lina,Singleton,(528) 475-3283
487,Julian,Moreno,(584) 896-5434
488,Allie,Anderson,(784) 767-4440
489,Aiden,Dennis,(240) 333-2940
490,Andre,Morton,(404) 675-4573
491,Caroline,Bates,(718) 902-3719
492,Gordon,Palmer,(778) 671-6121
493,Harriett,Clarke,(704) 365-3148
494,Tony,Davis,(420) 763-2550
495,Kate,Hicks,(813) 591-1996
496,Earl,Cox,(830) 549-5078
497,Lizzie,Parsons,(260) 294-3919
498,Michael,Woods,(864) 576-1864
499,Lillie,Santiago,(741) 221-2057
500,Donald,Schultz,(450) 819-5113
501,Adelaide,Becker,(785) 963-9867
502,Elizabeth,Roberts,(860) 928-9060
503,Nannie,Gregory,(271) 572-9699
504,Maude,Daniel,(674) 369-6400
505,Edwin,Santos,(222) 973-1907
506,Owen,Cummings,(984) 978-9969
507,Susan,Huff,(713) 816-5106
508,Ina,Welch,(472) 707-7158
509,Lester,Silva,(680) 931-2667
510,John,Jackson,(974) 230-9002
511,Peter,Sanders,(502) 450-6191
512,Stanley,Howard,(919) 378-3907
513,Jayden,Spencer,(589) 457-6182
514,Gabriel,Rose,(517) 300-9364
515,Johanna,Ballard,(345) 287-5549
516,Henrietta,Glover,(730) 818-1902
517,Gregory,Figueroa,(253) 206-5401
518,Fannie,Graham,(573) 821-8723
519,Susie,Obrien,(789) 472-8061
520,Micheal,Estrada,(661) 521-4652
521,Troy,Franklin,(212) 278-7182
522,Marvin,McLaughlin,(563) 203-3908
523,Jeffrey,George,(955) 616-8722
524,Beulah,Shaw,(807) 634-6647
525,Dylan,Matthews,(760) 679-3089
526,Nellie,Hill,(560) 747-8670
527,Sue,Valdez,(246) 289-6957
528,Elizabeth,Alexander,(419) 691-7052
529,Charlotte,Thomas,(565) 508-9552
530,Shawn,Wolfe,(979) 425-3174
531,Isabella,Erickson,(560) 518-1423
532,Gertrude,Roberson,(272) 880-4046
533,Ellen,Fowler,(302) 840-4323
534,Louisa,Cunningham,(553) 619-5257
535,Mabel,Ingram,(426) 465-1758
536,Violet,Allison,(400) 516-5641
537,Douglas,Stone,(419) 413-4817
538,Jeremy,Massey,(622) 930-2783
539,Craig,Curry,(520) 577-6931
540,Sophie,Hayes,(528) 702-3388
541,Ollie,Medina,(586) 944-8529
542,Mattie,Hayes,(546) 414-5289
543,Jordan,Hunt,(505) 931-8374
544,Jonathan,Joseph,(241) 540-2043
545,Emilie,Parks,(411) 971-7845
546,Fannie,Riley,(539) 979-2061
547,Henry,Sharp,(322) 948-4381
548,Maude,Newman,(656) 695-9364
549,Seth,Holland,(932) 733-8937
550,Rosie,Mason,(774) 520-9627
551,Linnie,Bush,(503) 566-9683
552,Douglas,Hunter,(686) 520-1680
553,Katherine,Houston,(913) 603-8695
554,Lottie,Hodges,(983) 422-8402
555,Sue,Holloway,(444) 763-5298
556,Jimmy,Perkins,(481) 651-1434
557,Nelle,Palmer,(439) 675-7072
558,Cornelia,Morrison,(870) 403-1798
559,Ryan,McCarthy,(768) 523-5388
560,Katie,Cannon,(671) 434-5911
561,Bryan,Fox,(450) 561-4154
562,Edward,Sandoval,(618) 719-5701
563,Isabella,Hines,(974) 900-5357
564,Hunter,Guerrero,(256) 782-5606
565,Sallie,Mendoza,(351) 487-2145
566,Edith,Henderson,(376) 343-4577
567,Chad,Jennings,(254) 574-8470
568,Gavin,Massey,(802) 804-2539
569,Stanley,Leonard,(541) 856-9461
570,Manuel,Padilla,(576) 634-7672
571,Jerome,Gibbs,(736) 568-7684
572,Sadie,Harrington,(281) 613-2842
573,Benjamin,Barton,(771) 613-8111
574,Myra,Ballard,(982) 533-6585
575,Chris,Maldonado,(712) 658-1219
576,Bettie,Kennedy,(858) 556-3941
577,Michael,Watson,(965) 785-9642
578,Shane,Clark,(458) 272-9215
579,Calvin,Taylor,(245) 330-7777
580,Annie,Lindsey,(316) 503-3721
581,Elmer,Warren,(523) 202-4214
582,Hettie,Gardner,(848) 401-8211
583,Henrietta,Fowler,(347) 234-4225
584,Nettie,Cannon,(668) 492-7225
585,Lelia,Jenkins,(710) 500-7601
586,Louisa,Higgins,(742) 267-7665
587,Larry,Barrett,(479) 927-6168
588,Amelia,Carlson,(951) 453-4669
589,Jeremy,Hale,(308) 780-4202
590,Nell,Hill,(553) 626-8189
591,Jack,Stewart,(706) 960-1300
592,Lettie,McBride,(356) 821-3324
593,Edith,Bowen,(346) 703-9605
594,Albert,Thomas,(986) 608-7031
595,Leila,Phillips,(751) 995-6391
596,Ernest,Clarke,(987) 864-5121
597,Lettie,Greene,(474) 527-8304
598,Adam,Sparks,(363) 274-2424
599,Larry,Love,(423) 846-3594
600,Wayne,McCormick,(478) 868-9168
601,Wesley,Clark,(504) 842-4616
602,Gene,Myers,(215) 369-4780
603,Luke,Brooks,(852) 395-6152
604,Benjamin,Willis,(337) 455-6134
605,Theresa,Smith,(845) 516-3625
606,Ollie,Logan,(311) 540-5777
607,Lewis,Osborne,(389) 679-8607
608,Adam,Kelly,(707) 875-4453
609,Leon,Ferguson,(255) 586-3319
610,Henrietta,Craig,(769) 874-6153
611,Adam,Page,(351) 483-6436
612,Garrett,Mathis,(907) 646-7948
613,Alex,Perkins,(371) 443-6187
614,Jacob,Bates,(907) 898-5997
615,Genevieve,Lynch,(207) 636-2316
616,Cecilia,Lowe,(436) 619-2430
617,Jeff,Wade,(469) 246-7541
618,Eugene,Ortiz,(359) 780-6150
619,Madge,Swanson,(461) 620-6070
620,Lester,Todd,(566) 475-2397
621,Landon,Curry,(687) 933-1384
622,Dean,Pratt,(347) 954-1148
623,Rodney,Parsons,(400) 837-5028
624,Floyd,Estrada,(876) 361-6245
625,Clarence,Munoz,(943) 222-4281
626,Mattie,Henderson,(744) 582-9987
627,Christina,Sanchez,(704) 592-7036
628,Edith,Ferguson,(928) 486-2355
629,Alta,Sandoval,(283) 210-1141
630,Billy,Little,(828) 521-3691
631,Paul,Quinn,(809) 471-8761
632,Emma,Jordan,(473) 332-2297
633,Charlotte,Cortez,(500) 205-8014
634,Larry,Hanson,(264) 395-4473
635,Julia,Parks,(474) 927-4497
636,Bertha,Guzman,(712) 414-4037
637,Cynthia,Barton,(979) 856-4932
638,Lucille,Figueroa,(962) 739-8822
639,Gilbert,Ellis,(736) 330-9580
640,Jared,Hayes,(715) 840-5063
641,Alejandro,Lamb,(360) 394-4544
642,Elmer,Carter,(980) 803-6069
643,Timothy,Hampton,(861) 719-4160
644,Tom,Holland,(411) 210-5145
645,Edna,Cox,(416) 336-8352
646,Charles,Hudson,(956) 474-7602
647,Austin,Hart,(563) 231-2657
648,Brett,Ortega,(519) 874-1223
649,Cecilia,Patterson,(682) 556-9914
650,Mario,Newman,(516) 707-3744
651,Matthew,Willis,(444) 892-7899
652,Allie,Logan,(601) 660-5492
653,Laura,Roy,(366) 808-3411
654,Bernice,Hanson,(334) 659-4627
655,Eunice,Dawson,(653) 750-2585
656,Gerald,Fernandez,(329) 313-6760
657,Julia,Bush,(586) 397-9399
658,Alma,Martinez,(856) 466-7278
659,Mabel,Wallace,(225) 238-9574
660,Brent,Bass,(437) 812-7529
661,Evelyn,Reynolds,(414) 257-9907
662,Nora,Gregory,(832) 421-4753
663,Amanda,Brady,(250) 943-9365
664,Joe,Jones,(843) 977-3618
665,Delia,Briggs,(663) 547-8702
666,Sylvia,Gardner,(941) 709-2515
667,Addie,Miles,(947) 763-7457
668,Harriet,Park,(365) 221-1347
669,Marcus,Burke,(479) 952-1789
670,Luke,Gomez,(525) 792-3871
671,Julia,Armstrong,(771) 243-1474
672,Victor,Craig,(454) 569-9633
673,Bruce,Moran,(308) 600-4095
674,Adelaide,Carlson,(455) 561-3983
675,Maude,Lucas,(447) 673-7987
676,Essie,Drake,(486) 933-2684
677,Betty,Lopez,(438) 814-4931
678,Louisa,Love,(849) 280-6197
679,Alfred,Pratt,(354) 616-2367
680,Jose,Kennedy,(479) 630-8574
681,Violet,Parker,(368) 855-2697
682,Adeline,Fernandez,(987) 957-2545
683,Cecelia,Lyons,(763) 510-3648
684,Eugene,Norman,(826) 644-1099
685,Jesus,Quinn,(504) 306-4666
686,Vera,Ballard,(930) 590-3099
687,Rosetta,Pope,(734) 786-4072
688,Kathryn,Cain,(279) 776-6232
689,Alexander,Benson,(385) 820-4947
690,Betty,Schwartz,(450) 954-9929
691,Sarah,Payne,(860) 291-6322
692,Logan,Murray,(222) 460-6780
693,William,McLaughlin,(704) 598-7165
694,Eliza,McGee,(675) 813-7094
695,Nora,Greer,(334) 353-1756
696,Martin,Rhodes,(961) 718-8992
697,Irene,Bush,(632) 552-8481
698,Lydia,Sims,(518) 642-9192
699,Nelle,McBride,(831) 879-7016
700,Lucas,Payne,(474) 420-1550
701,Vernon,Arnold,(945) 878-6095
702,Clarence,Schneider,(970) 452-2545
703,May,Patterson,(968) 729-1371
704,Travis,Keller,(262) 539-1957
705,Manuel,Bell,(726) 481-2189
706,Clarence,Ortiz,(731) 748-2224
707,Barbara,Clayton,(450) 783-7186
708,Benjamin,Curtis,(960) 904-4408
709,Gene,Dennis,(780) 473-5958
710,Jimmy,Parks,(776) 336-2044
711,Phillip,McGee,(774) 606-1427
712,Leona,Ferguson,(302) 535-5664
713,Alta,Roberts,(408) 530-4220
714,Phoebe,Moreno,(919) 522-8663
715,Jon,Reyes,(549) 519-6190
716,Sam,Chandler,(781) 207-9252
717,Alta,Lee,(569) 646-4593
718,Isaac,Cannon,(949) 753-7877
719,Isabelle,Holmes,(666) 962-7031
720,Alfred,Wise,(716) 981-4511
721,Mollie,Morton,(738) 251-2010
722,Terry,Erickson,(683) 289-1188
723,Susan,George,(900) 987-9763
724,Gene,Fowler,(282) 910-3722
725,Fred,Reese,(711) 459-1324
726,Logan,Rodriguez,(256) 376-9840
727,Aaron,Harrington,(852) 998-4218
728,Ronnie,Gomez,(935) 577-8813
729,Curtis,Hodges,(636) 548-8313
730,Louise,Castillo,(424) 819-8604
731,Linnie,Francis,(379) 997-6552
732,Herman,Logan,(661) 628-8981
733,Winifred,Tate,(707) 834-1490
734,Ora,Lynch,(306) 715-1449
735,Luis,Bridges,(553) 210-1110
736,Olive,Wilkins,(336) 556-3675
737,Esther,Parsons,(565) 764-2908
738,Dylan,Ramos,(677) 337-8479
739,Leona,Sanchez,(651) 285-9581
740,Nathaniel,Carroll,(487) 581-3617
741,Donald,Ellis,(736) 570-9536
742,Ola,Chavez,(989) 558-5158
743,Patrick,Watts,(268) 883-9766
744,Gerald,Patton,(389) 330-8646
745,Nicholas,Gibbs,(640) 986-1482
746,Ophelia,Horton,(445) 377-4333
747,Earl,Cole,(454) 953-2803
748,Claudia,Fowler,(910) 758-5016
749,Vernon,Tucker,(332) 672-1751
750,Allie,Bowers,(621) 723-1370
751,Annie,Henry,(701) 667-9726
752,Mildred,Stanley,(543) 828-9059
753,Georgie,Harris,(343) 399-4444
754,Michael,Day,(739) 687-5719
755,Effie,Glover,(271) 336-1207
756,Lillie,Rhodes,(756) 218-1718
757,Trevor,Gill,(651) 304-5508
758,Terry,Fitzgerald,(778) 863-5568
759,Floyd,Higgins,(344) 651-9309
760,Trevor,Parks,(872) 430-4742
761,Allie,Chambers,(443) 326-5449
762,Henrietta,Henry,(735) 418-3841
763,Jesse,Cunningham,(371) 335-8174
764,Sophia,Underwood,(475) 816-3718
765,Adrian,Day,(557) 538-4107
766,Dorothy,Bridges,(675) 448-6533
767,George,Ward,(356) 991-8667
768,Luke,Rhodes,(686) 272-4029
769,Nathaniel,McLaughlin,(387) 872-8134
770,Alex,Harmon,(579) 838-1650
771,Robert,Rogers,(858) 682-9716
772,Ann,James,(625) 270-7043
773,Rosie,Tucker,(731) 926-5745
774,Louisa,Johnson,(707) 408-6286
775,Clayton,Bush,(722) 380-4816
776,Mildred,Frazier,(918) 648-5536
777,Grace,Henderson,(265) 877-8018
778,Angel,Harrison,(301) 996-3462
779,Mabelle,McKenzie,(244) 769-6600
780,Jeff,Nash,(536) 252-5562
781,Bernice,Rogers,(254) 380-4908
782,Leroy,Barrett,(689) 725-4395
783,Catherine,Morrison,(350) 926-2463
784,Virginia,Welch,(814) 870-9209
785,Lulu,Beck,(952) 998-4769
786,Addie,Douglas,(701) 880-8737
787,Ray,Torres,(572) 460-9833
788,Lora,Rose,(904) 888-2456
789,Margaret,Scott,(550) 264-9354
790,Ora,Ball,(637) 587-2839
791,Eugene,Palmer,(304) 783-1568
792,Albert,Buchanan,(243) 298-8405
793,Tyler,Dixon,(961) 305-7659
794,Isaiah,Hines,(364) 877-5060
795,Russell,Parsons,(417) 651-8954
796,Marc,Berry,(537) 960-6558
797,Alma,Fisher,(224) 594-8397
798,Marvin,Meyer,(651) 367-6045
799,Cecelia,Vasquez,(520) 657-8317
800,Erik,Grant,(754) 856-5530
801,Ida,Wright,(381) 816-1705
802,Harold,Parker,(368) 360-5598
803,Brandon,Stone,(264) 615-1024
804,Cecelia,Howell,(429) 213-9534
805,Callie,Evans,(986) 459-8176
806,Christian,Walsh,(525) 377-3723
807,Pauline,Hoffman,(244) 953-2918
808,Abbie,Weaver,(354) 791-7989
809,Abbie,Long,(681) 659-4967
810,Lois,Ward,(603) 472-9975
811,Randy,Harrington,(275) 551-3454
812,Katie,Hines,(857) 209-1615
813,Betty,Hill,(348) 804-3661
814,Sophia,Hawkins,(908) 359-7184
815,Hulda,Chavez,(349) 553-9347
816,Derek,Santos,(721) 389-1112
817,Loretta,Floyd,(827) 478-9723
818,Jennie,Vargas,(706) 310-9864
819,Addie,Holmes,(271) 583-9870
820,Alejandro,Roberson,(631) 231-9408
821,Theodore,Vasquez,(881) 735-1597
822,Emily,Campbell,(751) 289-8175
823,Tommy,Townsend,(384) 950-9357
824,Alta,Chapman,(317) 218-1407
825,Raymond,Carroll,(387) 949-4707
826,Ian,White,(709) 716-1326
827,Ola,Woods,(436) 509-4071
828,Jeremiah,Garrett,(958) 934-5111
829,Myrtie,Patrick,(917) 418-1194
830,Estella,Reeves,(470) 901-3255
831,Katie,Gutierrez,(416) 808-4466
832,Willie,Spencer,(404) 822-4862
833,Sally,Potter,(827) 686-7951
834,Margaret,Andrews,(904) 889-1413
835,Randy,Reeves,(367) 735-5530
836,Cynthia,Castro,(636) 821-7840
837,Juan,Bowman,(970) 267-1280
838,Cecelia,Leonard,(733) 872-3904
839,Dale,Frank,(541) 690-2359
840,Jerome,Thomas,(274) 265-3919
841,Curtis,Malone,(583) 768-6353
842,Johnny,Murphy,(763) 562-9091
843,Celia,Miller,(485) 601-6251
844,Leon,Hoffman,(556) 502-9953
845,Iva,Lucas,(772) 393-6686
846,Ian,Ramirez,(961) 593-2144
847,Tony,Gonzales,(703) 537-6692
848,Jeffrey,Munoz,(287) 674-5237
849,Larry,Gomez,(827) 293-5598
850,Derek,Arnold,(650) 301-5680
851,Mayme,Holmes,(371) 493-5697
852,Ernest,Ingram,(376) 952-8480
853,Gertrude,Zimmerman,(254) 231-6977
854,Pauline,Webster,(483) 372-1939
855,Rebecca,Harper,(230) 812-2507
856,Kyle,Alvarez,(201) 706-3141
857,Joshua,Yates,(411) 803-8056
858,Chase,Farmer,(350) 716-4176
859,Callie,Harrington,(775) 539-5257
860,Erik,Parker,(840) 339-2201
861,Clarence,Wood,(680) 201-7055
862,Essie,Stone,(946) 922-7222
863,Isabel,Hayes,(428) 712-6917
864,Rhoda,Joseph,(354) 643-4245
865,Milton,Fields,(817) 885-3732
866,Eula,Ward,(751) 825-1855
867,Ollie,Johnston,(857) 993-6567
868,Lawrence,Neal,(808) 986-3965
869,Hester,Brown,(576) 506-8625
870,Tillie,Carroll,(301) 437-2417
871,Rhoda,Sherman,(641) 871-2918
872,Phillip,Curry,(416) 884-3476
873,Jeanette,Miles,(670) 527-4489
874,Jonathan,Cruz,(683) 907-9889
875,Brian,Fowler,(307) 839-6989
876,Cora,Freeman,(239) 875-9782
877,Austin,Hicks,(873) 713-5231
878,Ronald,Roy,(570) 684-2946
879,John,Wilson,(687) 416-5052
880,Sadie,Barnett,(926) 639-5997
881,Jim,Elliott,(709) 652-5915
882,Abbie,Stewart,(409) 269-8228
883,Jerome,Schmidt,(437) 826-2197
884,Peter,Garner,(822) 619-2663
885,Josephine,Garrett,(717) 707-2218
886,Stella,Gibbs,(634) 747-6987
887,Stella,Terry,(973) 827-7796
888,Matthew,Walker,(217) 557-4589
889,Chad,Blake,(862) 276-8059
890,Erik,Oliver,(956) 888-1577
891,Landon,Robbins,(414) 649-8942
892,Alice,Gordon,(746) 475-9786
893,Joshua,Poole,(750) 906-5095
894,Myra,Anderson,(342) 384-6730
895,Elmer,Caldwell,(668) 486-3950
896,Evan,Garcia,(303) 657-8367
897,Randy,Goodman,(589) 739-2932
898,Jackson,Hudson,(982) 615-5909
899,Mina,Clayton,(734) 348-4942
900,Susie,Stokes,(388) 414-9172
901,Eddie,Williamson,(249) 213-4331
902,Troy,Newton,(415) 616-4872
903,Elijah,Lawson,(584) 494-6723
904,Bertie,Fuller,(940) 248-7900
905,Hunter,Long,(985) 551-6887
906,Jorge,Gibbs,(408) 611-5507
907,Betty,Mills,(451) 766-8597
908,Lloyd,Yates,(539) 686-4241
909,Mabel,Harvey,(312) 201-9149
910,Devin,Mills,(958) 758-6247
911,Jay,Lopez,(481) 544-7936
912,Martin,Erickson,(814) 607-1491
913,Luke,Horton,(712) 792-5264
914,Shawn,McGuire,(955) 643-1216
915,Sallie,Padilla,(966) 971-8559
916,Mayme,Joseph,(760) 354-9875
917,Brett,Allen,(476) 799-7901
918,Philip,Weaver,(941) 613-5678
919,Bruce,Ramsey,(280) 462-5721
920,Sylvia,Stewart,(329) 827-4857
921,Winifred,Ward,(726) 361-2511
922,Mayme,Lawson,(386) 659-8215
923,Betty,Burns,(389) 429-1403
924,Shane,Atkins,(379) 837-8425
925,Derrick,Pearson,(351) 358-3223
926,Adele,Barber,(902) 925-4178
927,Aiden,Patrick,(924) 756-3468
928,Dean,Snyder,(947) 455-7941
929,Derrick,Morgan,(530) 821-4470
930,Vincent,Wheeler,(659) 236-4754
931,Derek,Barnes,(902) 795-8164
932,Roy,Chambers,(205) 524-8488
933,Lena,Bridges,(774) 607-4345
934,Martha,Stokes,(915) 977-3895
935,Leonard,Lopez,(602) 559-9929
936,Sylvia,Graves,(267) 840-6373
937,Jack,Stanley,(777) 371-1009
938,Agnes,Henry,(827) 964-2308
939,Lois,Beck,(209) 919-2342
940,Cora,Ruiz,(767) 495-8480
941,Caroline,Castro,(726) 387-2135
942,Corey,Hunt,(922) 488-8765
943,Gilbert,Simmons,(614) 333-9903
944,Brian,Logan,(820) 358-5904
945,Helena,Neal,(549) 291-9040
946,Francis,Warner,(424) 854-7376
947,Amelia,Schneider,(354) 571-1185
948,Eugenia,Edwards,(727) 515-3180
949,Ida,Ryan,(779) 644-1091
950,Jesus,Smith,(285) 226-5514
951,Sue,Reynolds,(674) 682-2620
952,Lillie,Munoz,(731) 338-1327
953,Clyde,Walker,(578) 637-5573
954,Jeremiah,Henderson,(970) 417-3481
955,Gordon,Gross,(534) 207-6132
956,Larry,Anderson,(228) 697-7524
957,Isabella,Henderson,(216) 269-3159
958,Lura,Black,(482) 761-2487
959,Cecelia,Malone,(603) 315-1549
960,Sallie,Gomez,(612) 213-4384
961,Hannah,Potter,(413) 321-5868
962,Louis,Cruz,(847) 711-3941
963,Catherine,Lucas,(818) 726-6072
964,Lucy,Sandoval,(984) 815-7152
965,Marguerite,Ballard,(751) 511-9296
966,Amy,Gordon,(933) 871-7374
967,Benjamin,Stanley,(302) 774-4925
968,Frederick,Warner,(763) 428-8378
969,Ora,Freeman,(948) 756-6146
970,Joshua,Love,(814) 240-8461
971,Myra,Massey,(708) 948-1170
972,Miguel,Hammond,(818) 945-8615
973,Amanda,Maldonado,(279) 601-2901
974,Isabella,Rodriguez,(740) 270-3399
975,Hettie,Lynch,(533) 550-8008
976,Bettie,Powell,(863) 470-7527
977,Hallie,Potter,(344) 460-1720
978,Frederick,Logan,(854) 415-7031
979,Nannie,Sutton,(445) 364-4561
980,Eula,Martin,(566) 312-1747
981,Brandon,Perkins,(788) 399-1806
982,Micheal,Floyd,(824) 783-5419
983,Mittie,Sutton,(889) 942-6483
984,Nathaniel,Parsons,(943) 612-6748
985,Ina,Tucker,(347) 873-5270
986,Troy,Brewer,(648) 248-6132
987,Cameron,Pierce,(575) 382-2161
988,Antonio,Hunter,(348) 702-6901
989,Esther,Robinson,(500) 925-5253
990,Esther,Henderson,(829) 957-9509
991,Iva,Rowe,(344) 744-6421
992,Franklin,Greene,(482) 803-3651
993,Ina,Warner,(637) 459-1568
994,Ernest,Young,(807) 922-4436
995,Ora,Collins,(801) 202-5779
996,Tom,Hart,(684) 212-3016
997,Patrick,Holmes,(980) 834-7074
998,Nora,Rice,(737) 887-3581
999,Benjamin,Cross,(509) 661-2538
